Configuration,Ordering_Time_Sec,Factor_NNZ
No_PostOrdering,91.515664375,20688925
No_Dense,89.2573047083333,20688925
No_Absorption,144.489993541667,29148621
