Matrix,N_Rows,NNZ_Original,NNZ_Natural,Time_Ord_Natural,Time_Chol_Natural,NNZ_RCM,Time_Ord_RCM,Time_Chol_RCM,NNZ_Exact_MD,Time_Ord_Exact_MD,Time_Chol_Exact_MD,NNZ_Approx_AMD,Time_Ord_Approx_AMD,Time_Chol_Approx_AMD,NNZ_MATLAB_AMD,Time_Ord_MATLAB_AMD,Time_Chol_MATLAB_AMD
bcsstk15,3948,117816,943184,0,0.0322045416666667,965887,0.00035875,0.00922920833333333,657414,3.153766,0.010565125,670331,1.16609633333333,0.00692625,673513,0.00564066666666667,0.0068635
msc01050,1050,26198,30617,0,0.000954375,154341,0.000104583333333333,0.00146858333333333,28757,2.2928175,0.000935833333333333,28112,0.492822666666667,0.000887916666666667,29087,0.00136145833333333,0.000871916666666667
s3rmt3m3,5357,207123,2208972,0,0.0531940833333333,636921,0.00044025,0.00597445833333333,508818,13.012252375,0.00620866666666667,450732,0.979864708333333,0.00522820833333333,440729,0.003545,0.006237625
nasa4704,4704,104756,909920,0,0.00680920833333333,906190,0.000274833333333333,0.007217,287925,13.3637696666667,0.00434004166666667,295097,1.38972770833333,0.003872375,289247,0.00281429166666667,0.00372525
bcsstk38,8032,355460,1684342,0,0.0128553333333333,1435506,0.00093,0.0161715833333333,762890,33.4154104166667,0.0128062083333333,741428,2.74902608333333,0.01018175,733775,0.00928991666666667,0.01151125
