Matrix,N_Rows,NNZ_Original,NNZ_Natural,Time_Ord_Natural,Time_Chol_Natural,NNZ_RCM,Time_Ord_RCM,Time_Chol_RCM,NNZ_Exact_MD,Time_Ord_Exact_MD,Time_Chol_Exact_MD,NNZ_Approx_AMD,Time_Ord_Approx_AMD,Time_Chol_Approx_AMD,NNZ_MATLAB_AMD,Time_Ord_MATLAB_AMD,Time_Chol_MATLAB_AMD
bcsstk36,23052,1143140,9891696,0,0.098724125,16668641,0.00235133333333333,0.154467833333333,3047930,100.492071625,0.0376900833333333,2810414,7.63273620833333,0.0340770416666667,2777434,0.0241516666666667,0.0314407083333333
bcsstk25,15439,252241,2940220,0,0.0187367083333333,2518867,0.000989166666666667,0.0233836666666667,1739881,67.7362365416667,0.024219125,1420716,9.89217041666667,0.017921875,1418597,0.013363875,0.0211664166666667
